"pvalues","Fission"
0.00167593518338952,"Marginal thinning"
0.186511109960366,"Conditional thinning"
0.00413520979865477,"Marginal thinning"
0.508264209724771,"Conditional thinning"
5.51892514807877e-05,"Marginal thinning"
0.770249770486114,"Conditional thinning"
0.000218325744531096,"Marginal thinning"
0.650577050629113,"Conditional thinning"
0.00402013223517031,"Marginal thinning"
0.729174060168387,"Conditional thinning"
0.0256054258911123,"Marginal thinning"
0.777917216032244,"Conditional thinning"
0.00282040101096654,"Marginal thinning"
0.720250829947241,"Conditional thinning"
0.00192011724871095,"Marginal thinning"
0.54679906077156,"Conditional thinning"
0.000346158598139995,"Marginal thinning"
0.531247804454106,"Conditional thinning"
0.00183193864951453,"Marginal thinning"
0.171125253453513,"Conditional thinning"
0.00938238515905683,"Marginal thinning"
0.337549031596966,"Conditional thinning"
0.0452195977666914,"Marginal thinning"
0.0570442894603832,"Conditional thinning"
0.000362677749887351,"Marginal thinning"
0.378529286132777,"Conditional thinning"
0.00489504869958184,"Marginal thinning"
0.274353730717074,"Conditional thinning"
0.0227276582066367,"Marginal thinning"
0.88335737274119,"Conditional thinning"
0.0041517485167436,"Marginal thinning"
0.652507738672949,"Conditional thinning"
0.00286733567891929,"Marginal thinning"
0.228761167385467,"Conditional thinning"
0.00294763385819431,"Marginal thinning"
0.775265700732717,"Conditional thinning"
0.00465202200701814,"Marginal thinning"
0.651794807075773,"Conditional thinning"
0.0120709715625724,"Marginal thinning"
0.644588793841881,"Conditional thinning"
4.24373850682358e-05,"Marginal thinning"
0.488673220297063,"Conditional thinning"
0.000340398865571282,"Marginal thinning"
0.451053204504343,"Conditional thinning"
0.00347266348585796,"Marginal thinning"
0.937871632376523,"Conditional thinning"
0.047340701837619,"Marginal thinning"
0.289268310763488,"Conditional thinning"
0.340173389130897,"Marginal thinning"
0.849130301120477,"Conditional thinning"
0.00245757970917307,"Marginal thinning"
0.355464040481862,"Conditional thinning"
0.000103144884249001,"Marginal thinning"
0.0853350086349339,"Conditional thinning"
0.00368782711600335,"Marginal thinning"
0.71551460921491,"Conditional thinning"
0.00137266071670562,"Marginal thinning"
0.636054311664897,"Conditional thinning"
0.00556255673284813,"Marginal thinning"
0.417128165651721,"Conditional thinning"
0.00755599313550037,"Marginal thinning"
0.656360151043127,"Conditional thinning"
0.00241450615984048,"Marginal thinning"
0.983937164256444,"Conditional thinning"
0.0181227032069835,"Marginal thinning"
0.74692352044663,"Conditional thinning"
0.167685779736538,"Marginal thinning"
0.815620998797152,"Conditional thinning"
8.41106955224316e-05,"Marginal thinning"
0.652541694796974,"Conditional thinning"
0.294597045412632,"Marginal thinning"
0.842703008324202,"Conditional thinning"
0.00198073150897061,"Marginal thinning"
0.93009248075696,"Conditional thinning"
0.00366504930072196,"Marginal thinning"
0.398980148008569,"Conditional thinning"
0.000171600766693518,"Marginal thinning"
0.891015578389927,"Conditional thinning"
4.86361939298531e-06,"Marginal thinning"
0.339487056171151,"Conditional thinning"
0.219947100615518,"Marginal thinning"
0.30236058425727,"Conditional thinning"
0.00385832451306045,"Marginal thinning"
0.226866247552392,"Conditional thinning"
0.00089136609221381,"Marginal thinning"
0.722816294377877,"Conditional thinning"
0.00363491407640711,"Marginal thinning"
0.730605271869871,"Conditional thinning"
0.0202754220165372,"Marginal thinning"
0.63188820736121,"Conditional thinning"
0.0163985640042464,"Marginal thinning"
0.827208117815751,"Conditional thinning"
0.00206559213761571,"Marginal thinning"
0.121451036097362,"Conditional thinning"
0.00108350017848564,"Marginal thinning"
0.252342448720167,"Conditional thinning"
0.0477212330955306,"Marginal thinning"
0.703442570817684,"Conditional thinning"
0.00329428081142368,"Marginal thinning"
0.662012523186447,"Conditional thinning"
0.000394214628591294,"Marginal thinning"
0.397623419771745,"Conditional thinning"
0.0138137365018544,"Marginal thinning"
0.793741783278126,"Conditional thinning"
0.0358355022059633,"Marginal thinning"
0.0452151945381606,"Conditional thinning"
0.000118577349651627,"Marginal thinning"
0.544547215650926,"Conditional thinning"
0.00973689195104916,"Marginal thinning"
0.563775295543233,"Conditional thinning"
0.000587284503174587,"Marginal thinning"
1,"Conditional thinning"
0.00215021592076904,"Marginal thinning"
0.41140529973911,"Conditional thinning"
0.000663320794537437,"Marginal thinning"
0.32723515100909,"Conditional thinning"
0.0183706866678646,"Marginal thinning"
0.845153965468811,"Conditional thinning"
0.175077625760237,"Marginal thinning"
0.876530933264034,"Conditional thinning"
0.000170133917360024,"Marginal thinning"
0.624487689350662,"Conditional thinning"
0.000495283531594335,"Marginal thinning"
0.579225112557143,"Conditional thinning"
0.00113126938744328,"Marginal thinning"
0.90049102520565,"Conditional thinning"
0.00186448413714428,"Marginal thinning"
0.298068559333456,"Conditional thinning"
4.88459867634212e-06,"Marginal thinning"
0.49710722975017,"Conditional thinning"
5.42526353180061e-05,"Marginal thinning"
0.435768625891109,"Conditional thinning"
0.0219108821101813,"Marginal thinning"
0.499427699168316,"Conditional thinning"
3.84843794317965e-05,"Marginal thinning"
0.233862260142779,"Conditional thinning"
0.0431560953198439,"Marginal thinning"
0.411687641264302,"Conditional thinning"
0.0043486051645594,"Marginal thinning"
0.992148299105422,"Conditional thinning"
0.000326730542983673,"Marginal thinning"
0.315178592572715,"Conditional thinning"
0.00115464299479741,"Marginal thinning"
0.913129630331245,"Conditional thinning"
0.00080730216205489,"Marginal thinning"
0.663431181937568,"Conditional thinning"
0.00642532418898352,"Marginal thinning"
0.287723911760757,"Conditional thinning"
0.0119561413430258,"Marginal thinning"
0.617667925082653,"Conditional thinning"
0.00760001261130389,"Marginal thinning"
0.504179160095578,"Conditional thinning"
0.000500774102476113,"Marginal thinning"
0.798067703878276,"Conditional thinning"
0.00220061194626561,"Marginal thinning"
0.769476125506996,"Conditional thinning"
0.00314886979574827,"Marginal thinning"
0.327956695317636,"Conditional thinning"
0.0100844655566111,"Marginal thinning"
0.791703783794919,"Conditional thinning"
0.00474687110349527,"Marginal thinning"
0.566216174576396,"Conditional thinning"
0.0099095439259758,"Marginal thinning"
0.616948371851606,"Conditional thinning"
0.06575406810425,"Marginal thinning"
0.201933281370414,"Conditional thinning"
0.000187029164253739,"Marginal thinning"
0.560687463473728,"Conditional thinning"
0.333536339560202,"Marginal thinning"
0.98118738191955,"Conditional thinning"
0.000307151175501379,"Marginal thinning"
0.869532733762756,"Conditional thinning"
0.00197536556381123,"Marginal thinning"
0.0539060826491071,"Conditional thinning"
0.106795338206751,"Marginal thinning"
0.807216199859694,"Conditional thinning"
0.00692437873849901,"Marginal thinning"
0.241423526878703,"Conditional thinning"
0.00364646842718434,"Marginal thinning"
0.947636156263365,"Conditional thinning"
0.000172228027511506,"Marginal thinning"
0.286035620854071,"Conditional thinning"
0.00432875925224712,"Marginal thinning"
0.633751715325523,"Conditional thinning"
5.210257562508e-05,"Marginal thinning"
0.864400360117727,"Conditional thinning"
0.132862678182265,"Marginal thinning"
0.522168350004939,"Conditional thinning"
0.00827226267668182,"Marginal thinning"
0.697628522252515,"Conditional thinning"
0.000188904450829741,"Marginal thinning"
0.641250253301623,"Conditional thinning"
0.0106389270275538,"Marginal thinning"
0.829856280130735,"Conditional thinning"
0.000346659406943059,"Marginal thinning"
0.186380610100739,"Conditional thinning"
0.00227140173285389,"Marginal thinning"
0.866094852911204,"Conditional thinning"
0.00434283182851689,"Marginal thinning"
0.809712457982639,"Conditional thinning"
0.0206118155736318,"Marginal thinning"
0.359338715743731,"Conditional thinning"
0.000678941459616825,"Marginal thinning"
0.959982306699935,"Conditional thinning"
0.00909829629513032,"Marginal thinning"
0.747819180016253,"Conditional thinning"
0.00184391518856493,"Marginal thinning"
0.492225976638411,"Conditional thinning"
0.0259205905947799,"Marginal thinning"
0.612772999944519,"Conditional thinning"
0.00105794128713327,"Marginal thinning"
0.50514208782016,"Conditional thinning"
0.00535715973806747,"Marginal thinning"
1,"Conditional thinning"
0.000112153954052723,"Marginal thinning"
0.895312307038701,"Conditional thinning"
0.00117202358038704,"Marginal thinning"
0.416898038707442,"Conditional thinning"
0.0436819270147227,"Marginal thinning"
0.316333348133291,"Conditional thinning"
2.70492120684709e-05,"Marginal thinning"
0.731250416798024,"Conditional thinning"
0.0834631575951504,"Marginal thinning"
0.632837823600587,"Conditional thinning"
2.85209572561894e-05,"Marginal thinning"
0.677470361278669,"Conditional thinning"
0.00241629687487446,"Marginal thinning"
0.70063273364398,"Conditional thinning"
0.0667417622000203,"Marginal thinning"
0.608275313222747,"Conditional thinning"
9.476773141876e-05,"Marginal thinning"
0.603854109805022,"Conditional thinning"
0.00183640754036218,"Marginal thinning"
0.212286224841835,"Conditional thinning"
0.000188289571674124,"Marginal thinning"
0.856059975088068,"Conditional thinning"
0.0634756045807247,"Marginal thinning"
0.147463456580655,"Conditional thinning"
0.00216807191240303,"Marginal thinning"
0.110638644766736,"Conditional thinning"
0.00569556796572231,"Marginal thinning"
0.168451201823868,"Conditional thinning"
5.50757183371568e-05,"Marginal thinning"
0.502128722649693,"Conditional thinning"
1.46020180635267e-05,"Marginal thinning"
0.232617422417503,"Conditional thinning"
0.0702974305781629,"Marginal thinning"
0.698568770223296,"Conditional thinning"
0.000352981992784766,"Marginal thinning"
0.445985534501156,"Conditional thinning"
0.00137920586538397,"Marginal thinning"
0.399778426917641,"Conditional thinning"
0.0100597768158666,"Marginal thinning"
0.315506480926185,"Conditional thinning"
0.000302410178826005,"Marginal thinning"
0.904136279587316,"Conditional thinning"
0.00610259926269112,"Marginal thinning"
0.651457953545363,"Conditional thinning"
0.0117578418433863,"Marginal thinning"
0.135696980867636,"Conditional thinning"
0.000217115152596021,"Marginal thinning"
0.258517153407661,"Conditional thinning"
0.0212238522238372,"Marginal thinning"
0.837064314230224,"Conditional thinning"
2.17196156745717e-05,"Marginal thinning"
0.531877957014796,"Conditional thinning"
0.00274662527992694,"Marginal thinning"
0.919343321708691,"Conditional thinning"
0.364776592940726,"Marginal thinning"
0.169021787361367,"Conditional thinning"
0.00449732730045093,"Marginal thinning"
0.845838040568995,"Conditional thinning"
1,"Marginal thinning"
0.865219543195508,"Conditional thinning"
0.00089030540767048,"Marginal thinning"
0.829488271932683,"Conditional thinning"
2.60784112007663e-05,"Marginal thinning"
0.567597447189507,"Conditional thinning"
0.0114192914318023,"Marginal thinning"
0.945342608707651,"Conditional thinning"
2.93256762535407e-05,"Marginal thinning"
0.542778656036802,"Conditional thinning"
0.000624313803608694,"Marginal thinning"
0.867876418841315,"Conditional thinning"
0.000324657519507044,"Marginal thinning"
0.189050580547415,"Conditional thinning"
0.00018926574847834,"Marginal thinning"
0.0925678967556475,"Conditional thinning"
0.0166234439098659,"Marginal thinning"
0.62731148474701,"Conditional thinning"
0.00189930075329593,"Marginal thinning"
0.73379949686612,"Conditional thinning"
0.000145830800846168,"Marginal thinning"
0.0737441055420858,"Conditional thinning"
0.00015227357982264,"Marginal thinning"
0.619193117049103,"Conditional thinning"
0.00110809073954728,"Marginal thinning"
0.389963818661299,"Conditional thinning"
0.00296912924122491,"Marginal thinning"
0.165201733866432,"Conditional thinning"
0.0382624971172014,"Marginal thinning"
0.0547686946884941,"Conditional thinning"
0.000237104998909596,"Marginal thinning"
0.0382266380044604,"Conditional thinning"
1.68723909932547e-05,"Marginal thinning"
0.187341254313601,"Conditional thinning"
0.00204485309834549,"Marginal thinning"
0.690038910572666,"Conditional thinning"
3.88072115489776e-06,"Marginal thinning"
0.442605369302233,"Conditional thinning"
0.000560117435488309,"Marginal thinning"
0.0942833474642545,"Conditional thinning"
0.0049273008056529,"Marginal thinning"
0.0451864641150646,"Conditional thinning"
0.0563682022313721,"Marginal thinning"
0.375265918487189,"Conditional thinning"
0.00129542971261918,"Marginal thinning"
0.430060369141854,"Conditional thinning"
0.0312965782776141,"Marginal thinning"
0.236883544341219,"Conditional thinning"
0.00240351807409062,"Marginal thinning"
0.750331716064223,"Conditional thinning"
0.00362404228512215,"Marginal thinning"
0.69076518232357,"Conditional thinning"
0.000127891117045098,"Marginal thinning"
0.818019943045706,"Conditional thinning"
0.00817733501222751,"Marginal thinning"
0.0954357297624719,"Conditional thinning"
0.00662227871573008,"Marginal thinning"
0.138196657026303,"Conditional thinning"
0.00887328475008294,"Marginal thinning"
0.00790201589494688,"Conditional thinning"
0.000197644319872553,"Marginal thinning"
0.207160265496308,"Conditional thinning"
0.000549585333314284,"Marginal thinning"
0.675985712284741,"Conditional thinning"
0.00178915566662964,"Marginal thinning"
0.23581548352321,"Conditional thinning"
0.00099238373002215,"Marginal thinning"
0.427530706988529,"Conditional thinning"
0.0247117559552303,"Marginal thinning"
0.660608738183009,"Conditional thinning"
0.0105837542952526,"Marginal thinning"
0.773140146020371,"Conditional thinning"
0.0239120185714793,"Marginal thinning"
0.648294579742115,"Conditional thinning"
0.0154194966822279,"Marginal thinning"
0.853882092841121,"Conditional thinning"
0.0223320180313673,"Marginal thinning"
0.821194053395873,"Conditional thinning"
0.0425421646925459,"Marginal thinning"
0.135917196053468,"Conditional thinning"
0.0380995991010408,"Marginal thinning"
0.318785823278728,"Conditional thinning"
0.000833788305358068,"Marginal thinning"
0.806450318112503,"Conditional thinning"
0.0672241796682947,"Marginal thinning"
0.812005108981253,"Conditional thinning"
0.00216147150607275,"Marginal thinning"
0.396812286391,"Conditional thinning"
0.0583213560877935,"Marginal thinning"
0.538084403627523,"Conditional thinning"
0.0102078863105676,"Marginal thinning"
0.387094646586247,"Conditional thinning"
0.00137676873029229,"Marginal thinning"
0.48652822578352,"Conditional thinning"
0.00236192974735014,"Marginal thinning"
0.690466499805161,"Conditional thinning"
0.00318678669916341,"Marginal thinning"
0.914232013444897,"Conditional thinning"
0.0050728558551271,"Marginal thinning"
0.109085571449699,"Conditional thinning"
0.000560313696093675,"Marginal thinning"
0.653173839936151,"Conditional thinning"
0.000411175439932834,"Marginal thinning"
0.271750341973522,"Conditional thinning"
0.138506321192003,"Marginal thinning"
0.25852988453206,"Conditional thinning"
0.0805128725167568,"Marginal thinning"
0.416832631447762,"Conditional thinning"
0.0139173709220238,"Marginal thinning"
0.815427377247197,"Conditional thinning"
0.00331928848821089,"Marginal thinning"
0.821920187057884,"Conditional thinning"
0.00490467152865019,"Marginal thinning"
0.454541413020577,"Conditional thinning"
0.0124658198682009,"Marginal thinning"
0.192133671377484,"Conditional thinning"
0.0967567902270343,"Marginal thinning"
0.25880569775722,"Conditional thinning"
0.00256644744866923,"Marginal thinning"
0.791625414520982,"Conditional thinning"
0.000194672838704671,"Marginal thinning"
0.249830608803334,"Conditional thinning"
0.00330771069321232,"Marginal thinning"
0.704536943670837,"Conditional thinning"
0.0220540727300302,"Marginal thinning"
0.290670742909063,"Conditional thinning"
0.0663806796287971,"Marginal thinning"
0.379879864221861,"Conditional thinning"
0.0192759241531106,"Marginal thinning"
0.968360212949045,"Conditional thinning"
0.0476034981122614,"Marginal thinning"
0.712868476935542,"Conditional thinning"
0.00287578820183998,"Marginal thinning"
0.896392821059876,"Conditional thinning"
6.86535693680754e-05,"Marginal thinning"
0.733689087232885,"Conditional thinning"
0.00161907724579225,"Marginal thinning"
0.602693042674152,"Conditional thinning"
0.0045988588180514,"Marginal thinning"
0.382420934189405,"Conditional thinning"
0.0119692928154487,"Marginal thinning"
0.728961594454696,"Conditional thinning"
4.73856084942072e-06,"Marginal thinning"
0.696706342306533,"Conditional thinning"
0.00485051112130696,"Marginal thinning"
0.724624681785403,"Conditional thinning"
0.0145551945453034,"Marginal thinning"
0.408434201698248,"Conditional thinning"
0.00190463485438292,"Marginal thinning"
0.817827327956576,"Conditional thinning"
0.00149137616688193,"Marginal thinning"
0.891778715654067,"Conditional thinning"
0.00543029848467297,"Marginal thinning"
0.261520261294102,"Conditional thinning"
0.00148812423134581,"Marginal thinning"
0.426506153381643,"Conditional thinning"
0.0664233327250053,"Marginal thinning"
0.811907259678465,"Conditional thinning"
7.33891675470577e-06,"Marginal thinning"
0.96002547451009,"Conditional thinning"
0.0677372186219995,"Marginal thinning"
0.505593604430397,"Conditional thinning"
0.000791505609294371,"Marginal thinning"
0.968075507206562,"Conditional thinning"
0.000763938255420834,"Marginal thinning"
0.549492074559841,"Conditional thinning"
0.122849048512485,"Marginal thinning"
0.313269207056656,"Conditional thinning"
6.10645244176738e-05,"Marginal thinning"
0.243028584040129,"Conditional thinning"
0.0126398156562817,"Marginal thinning"
0.202515040771101,"Conditional thinning"
2.30691282043133e-05,"Marginal thinning"
0.307138598647457,"Conditional thinning"
0.00384118088954459,"Marginal thinning"
0.890284019051321,"Conditional thinning"
0.00799557943353161,"Marginal thinning"
0.489064773206324,"Conditional thinning"
0.0047335980071091,"Marginal thinning"
0.148242914625639,"Conditional thinning"
0.00540881428329814,"Marginal thinning"
0.94575675285232,"Conditional thinning"
0.087945018253027,"Marginal thinning"
0.20604127372309,"Conditional thinning"
0.000522876494021942,"Marginal thinning"
0.35999116588913,"Conditional thinning"
0.00459438934079997,"Marginal thinning"
0.547712481298794,"Conditional thinning"
0.000934938496406386,"Marginal thinning"
0.945749245917198,"Conditional thinning"
0.00244967424872504,"Marginal thinning"
0.87211023975292,"Conditional thinning"
0.026152556258849,"Marginal thinning"
0.179079252666915,"Conditional thinning"
0.00106072804891585,"Marginal thinning"
0.370391190549767,"Conditional thinning"
0.00957158019753841,"Marginal thinning"
0.461471510256725,"Conditional thinning"
0.0371176318721722,"Marginal thinning"
0.874660827672046,"Conditional thinning"
0.106262116195193,"Marginal thinning"
0.618760597291082,"Conditional thinning"
0.0150073392044809,"Marginal thinning"
0.108484121477595,"Conditional thinning"
0.000174409424796199,"Marginal thinning"
0.805117478726009,"Conditional thinning"
7.11369686118107e-05,"Marginal thinning"
0.975385172355722,"Conditional thinning"
0.000494313261800295,"Marginal thinning"
0.625772317208179,"Conditional thinning"
0.099931757144001,"Marginal thinning"
1,"Conditional thinning"
0.000118070675787814,"Marginal thinning"
0.61375605076652,"Conditional thinning"
0.000395667300215834,"Marginal thinning"
0.10018572707007,"Conditional thinning"
5.48825558343823e-06,"Marginal thinning"
0.533546423666428,"Conditional thinning"
4.4631578876626e-05,"Marginal thinning"
0.483338165884184,"Conditional thinning"
0.000226180792920193,"Marginal thinning"
0.308734750624182,"Conditional thinning"
0.220689452666475,"Marginal thinning"
0.606723024697083,"Conditional thinning"
0.00252105208349112,"Marginal thinning"
0.847045780598921,"Conditional thinning"
0.000282111386768143,"Marginal thinning"
0.505634622289469,"Conditional thinning"
0.0133953240757395,"Marginal thinning"
0.946729971399114,"Conditional thinning"
0.000558122312350145,"Marginal thinning"
0.94539833617074,"Conditional thinning"
0.00717409095137949,"Marginal thinning"
0.0313057481286939,"Conditional thinning"
0.000226156547649253,"Marginal thinning"
0.285205079744055,"Conditional thinning"
0.138909230904267,"Marginal thinning"
0.385979601378712,"Conditional thinning"
0.00117130835768213,"Marginal thinning"
0.29502204382021,"Conditional thinning"
0.00358181385320489,"Marginal thinning"
0.521891083005134,"Conditional thinning"
0.00686333022874163,"Marginal thinning"
0.9301059113753,"Conditional thinning"
0.0104840522984649,"Marginal thinning"
1,"Conditional thinning"
0.00302076454856351,"Marginal thinning"
0.984479369325704,"Conditional thinning"
0.00973170302285605,"Marginal thinning"
0.0334916791134026,"Conditional thinning"
0.322648579235207,"Marginal thinning"
0.680939735951494,"Conditional thinning"
0.00157755431509745,"Marginal thinning"
0.959546964329537,"Conditional thinning"
0.387072522770255,"Marginal thinning"
0.971474562018997,"Conditional thinning"
0.0338126676893072,"Marginal thinning"
0.504153990972412,"Conditional thinning"
0.000228956465496622,"Marginal thinning"
0.011404239417005,"Conditional thinning"
0.125823954430123,"Marginal thinning"
0.394651102275124,"Conditional thinning"
6.7673578403744e-05,"Marginal thinning"
0.141345545600997,"Conditional thinning"
0.56188277002695,"Marginal thinning"
0.992148677078581,"Conditional thinning"
0.00689127249005618,"Marginal thinning"
0.786520717538386,"Conditional thinning"
8.25785400296059e-05,"Marginal thinning"
0.802181678548369,"Conditional thinning"
0.000236219077584188,"Marginal thinning"
0.46126517188352,"Conditional thinning"
0.000421025414064378,"Marginal thinning"
0.377516050080191,"Conditional thinning"
0.0279809209362363,"Marginal thinning"
0.30147205127986,"Conditional thinning"
0.00033929281082697,"Marginal thinning"
0.00561311390243314,"Conditional thinning"
0.00259699737175264,"Marginal thinning"
0.619138750031565,"Conditional thinning"
0.00457841931951213,"Marginal thinning"
0.162193851027203,"Conditional thinning"
3.63331009701808e-05,"Marginal thinning"
0.261652448666062,"Conditional thinning"
0.0298398235906271,"Marginal thinning"
0.991403362406563,"Conditional thinning"
0.00211635470092039,"Marginal thinning"
0.293190818460145,"Conditional thinning"
0.0139997106600431,"Marginal thinning"
0.732731285640056,"Conditional thinning"
0.00268007075501251,"Marginal thinning"
0.469933036342006,"Conditional thinning"
0.168635148195624,"Marginal thinning"
0.508326648597479,"Conditional thinning"
0.014975125651876,"Marginal thinning"
0.0424978346635734,"Conditional thinning"
0.000509451794533673,"Marginal thinning"
0.674336719128384,"Conditional thinning"
0.00111453422268968,"Marginal thinning"
0.65927243336398,"Conditional thinning"
0.0202733094427359,"Marginal thinning"
0.81697122977785,"Conditional thinning"
0.0225363900077486,"Marginal thinning"
0.888143545067799,"Conditional thinning"
0.0310015466449929,"Marginal thinning"
0.338562007127825,"Conditional thinning"
0.00297532301078891,"Marginal thinning"
0.448019338344676,"Conditional thinning"
0.00225610222305807,"Marginal thinning"
0.658442849006986,"Conditional thinning"
0.00549028915205662,"Marginal thinning"
0.868533126241145,"Conditional thinning"
0.00684116618075184,"Marginal thinning"
0.266389829664547,"Conditional thinning"
0.055163637322165,"Marginal thinning"
0.796644499771864,"Conditional thinning"
1.8869548785862e-06,"Marginal thinning"
0.814263255472312,"Conditional thinning"
0.00124176087153742,"Marginal thinning"
0.784955185551396,"Conditional thinning"
6.31776132195572e-05,"Marginal thinning"
0.909428581737883,"Conditional thinning"
0.128679189048611,"Marginal thinning"
0.861092109481982,"Conditional thinning"
0.0613892652841122,"Marginal thinning"
0.0450215405662586,"Conditional thinning"
0.00316173803112641,"Marginal thinning"
0.198312341567253,"Conditional thinning"
2.02355603692201e-05,"Marginal thinning"
0.401583576709011,"Conditional thinning"
0.0195421402600029,"Marginal thinning"
0.356198881851104,"Conditional thinning"
0.000359962988489262,"Marginal thinning"
0.234545195167358,"Conditional thinning"
0.0140420170113322,"Marginal thinning"
0.496064537847405,"Conditional thinning"
4.34724874056893e-05,"Marginal thinning"
0.188223359726387,"Conditional thinning"
0.000185178314911001,"Marginal thinning"
0.324971346497281,"Conditional thinning"
0.0337116143476787,"Marginal thinning"
0.821426262694757,"Conditional thinning"
0.012399539532289,"Marginal thinning"
0.698201758675734,"Conditional thinning"
0.013858136268989,"Marginal thinning"
0.443004541772268,"Conditional thinning"
0.00930328151340785,"Marginal thinning"
0.680408240640561,"Conditional thinning"
0.000184556332455652,"Marginal thinning"
0.856670303321127,"Conditional thinning"
0.109090399697041,"Marginal thinning"
0.345767523706412,"Conditional thinning"
0.0286930117960337,"Marginal thinning"
0.710491336462804,"Conditional thinning"
7.72871198267281e-05,"Marginal thinning"
0.0797375279476088,"Conditional thinning"
7.80322037096909e-05,"Marginal thinning"
0.830576531992419,"Conditional thinning"
0.0332176517381867,"Marginal thinning"
0.952517020187149,"Conditional thinning"
1.97493842821994e-06,"Marginal thinning"
0.494258134695858,"Conditional thinning"
0.000249073329289595,"Marginal thinning"
0.322248027529533,"Conditional thinning"
0.00284842536099292,"Marginal thinning"
0.755727559240664,"Conditional thinning"
0.0122926748629374,"Marginal thinning"
0.967700942128174,"Conditional thinning"
0.218283729452236,"Marginal thinning"
0.945406206865601,"Conditional thinning"
0.00139993589460776,"Marginal thinning"
0.0361869383178849,"Conditional thinning"
0.00145398514270488,"Marginal thinning"
0.892228390847086,"Conditional thinning"
0.0965129515276357,"Marginal thinning"
0.735946902457645,"Conditional thinning"
0.000881938854648809,"Marginal thinning"
0.459084704372777,"Conditional thinning"
0.000674018866814818,"Marginal thinning"
0.475320239393938,"Conditional thinning"
0.00786621629778232,"Marginal thinning"
0.29878917288118,"Conditional thinning"
0.00844527411259893,"Marginal thinning"
0.655924108032882,"Conditional thinning"
0.00286750876919563,"Marginal thinning"
0.884328687954033,"Conditional thinning"
0.00442389779463485,"Marginal thinning"
0.651865029627424,"Conditional thinning"
0.000546917035133742,"Marginal thinning"
0.30231217537553,"Conditional thinning"
0.0066821074248616,"Marginal thinning"
0.0711312205687401,"Conditional thinning"
0.00226523620316502,"Marginal thinning"
0.814924456767755,"Conditional thinning"
0.0364898053559727,"Marginal thinning"
0.508640735029887,"Conditional thinning"
0.00967307438731234,"Marginal thinning"
0.137580607842311,"Conditional thinning"
0.00190110368078935,"Marginal thinning"
0.194599621131689,"Conditional thinning"
1.87130686373529e-06,"Marginal thinning"
0.0634469844711018,"Conditional thinning"
0.00127756460269835,"Marginal thinning"
0.778513765832537,"Conditional thinning"
0.00024053759725135,"Marginal thinning"
0.527251788745538,"Conditional thinning"
0.0395995733649685,"Marginal thinning"
0.558748327855045,"Conditional thinning"
0.0135801530851387,"Marginal thinning"
0.976691673623495,"Conditional thinning"
0.00486779228354919,"Marginal thinning"
0.84487865266079,"Conditional thinning"
0.0309968288339575,"Marginal thinning"
0.0524664970999746,"Conditional thinning"
0.00504808048545784,"Marginal thinning"
0.217070576889965,"Conditional thinning"
0.0680918626889021,"Marginal thinning"
0.891748913782537,"Conditional thinning"
0.000611095857402607,"Marginal thinning"
0.215074261534548,"Conditional thinning"
0.00693993189230596,"Marginal thinning"
0.173243713887177,"Conditional thinning"
0.0720116470735489,"Marginal thinning"
0.711768428708226,"Conditional thinning"
2.30207665224485e-06,"Marginal thinning"
0.859422820010992,"Conditional thinning"
0.000208286270656818,"Marginal thinning"
0.151335337103907,"Conditional thinning"
0.000117820161801837,"Marginal thinning"
0.509367817395273,"Conditional thinning"
2.71987405564276e-06,"Marginal thinning"
0.447196580464524,"Conditional thinning"
0.00615914112614615,"Marginal thinning"
0.578365109060658,"Conditional thinning"
0.0468189580543107,"Marginal thinning"
0.703747471147035,"Conditional thinning"
0.0126927300206113,"Marginal thinning"
0.069189644125927,"Conditional thinning"
0.00130375493813496,"Marginal thinning"
0.513052079509444,"Conditional thinning"
0.00681261964509936,"Marginal thinning"
0.619166262263658,"Conditional thinning"
0.00344206002555828,"Marginal thinning"
0.102936151544197,"Conditional thinning"
0.00207834726811169,"Marginal thinning"
0.622067345222757,"Conditional thinning"
0.00748675396472027,"Marginal thinning"
0.934650123622957,"Conditional thinning"
0.00166846104385737,"Marginal thinning"
0.175126488407674,"Conditional thinning"
0.0126381058740977,"Marginal thinning"
0.775424070718975,"Conditional thinning"
0.000752692449400513,"Marginal thinning"
0.60951258090121,"Conditional thinning"
0.00222466765915482,"Marginal thinning"
0.465993844852486,"Conditional thinning"
0.00341325958571221,"Marginal thinning"
0.284190974911668,"Conditional thinning"
0.000165496341962899,"Marginal thinning"
0.234144986294306,"Conditional thinning"
0.0010076628538108,"Marginal thinning"
0.44094103577483,"Conditional thinning"
0.00433476459654526,"Marginal thinning"
0.558530468514573,"Conditional thinning"
0.00429898461964104,"Marginal thinning"
0.0116984340016555,"Conditional thinning"
0.00714322638135157,"Marginal thinning"
0.178444781813625,"Conditional thinning"
0.0196836407427893,"Marginal thinning"
0.132122882940282,"Conditional thinning"
0.001558944412444,"Marginal thinning"
0.412178142527401,"Conditional thinning"
0.0030721667434967,"Marginal thinning"
0.784975380140307,"Conditional thinning"
0.816133498571903,"Marginal thinning"
0.750896395177913,"Conditional thinning"
0.00401111255942472,"Marginal thinning"
1,"Conditional thinning"
0.0470172395992259,"Marginal thinning"
0.681400534954465,"Conditional thinning"
0.00894741528612972,"Marginal thinning"
0.387103760502083,"Conditional thinning"
0.00356958669862757,"Marginal thinning"
0.75806796357432,"Conditional thinning"
0.0874281698807546,"Marginal thinning"
0.958487325735809,"Conditional thinning"
3.68630473031687e-05,"Marginal thinning"
0.92097511723712,"Conditional thinning"
0.00124987005660572,"Marginal thinning"
0.82961792429237,"Conditional thinning"
0.0104271042141969,"Marginal thinning"
0.900014150550294,"Conditional thinning"
0.000828333277232981,"Marginal thinning"
0.323026860642035,"Conditional thinning"
0.00211040291776421,"Marginal thinning"
0.801395128885784,"Conditional thinning"
0.000987936364444808,"Marginal thinning"
0.25247943777339,"Conditional thinning"
0.102073512762703,"Marginal thinning"
0.164554741176824,"Conditional thinning"
0.0793149306255238,"Marginal thinning"
0.705545899650269,"Conditional thinning"
0.409117388632627,"Marginal thinning"
0.845084277909478,"Conditional thinning"
2.46622606815678e-05,"Marginal thinning"
0.898208577556719,"Conditional thinning"
0.0470930381939394,"Marginal thinning"
0.568017955376037,"Conditional thinning"
0.000603263278943969,"Marginal thinning"
0.707923885455757,"Conditional thinning"
7.25247255366538e-05,"Marginal thinning"
0.701139868916634,"Conditional thinning"
0.0152390798171005,"Marginal thinning"
0.92399811106087,"Conditional thinning"
0.00206530125679238,"Marginal thinning"
0.123252010575406,"Conditional thinning"
0.0941491526975505,"Marginal thinning"
0.0309009932919761,"Conditional thinning"
0.0016182503563559,"Marginal thinning"
0.472319523764029,"Conditional thinning"
0.000729382844335788,"Marginal thinning"
0.599938480927512,"Conditional thinning"
0.00943381909233626,"Marginal thinning"
0.131699738916241,"Conditional thinning"
0.000267600081235535,"Marginal thinning"
0.579065314109146,"Conditional thinning"
8.87175040754405e-06,"Marginal thinning"
0.956850163909633,"Conditional thinning"
0.0337492737933179,"Marginal thinning"
0.267600010547167,"Conditional thinning"
0.0358325044564039,"Marginal thinning"
0.356654672098688,"Conditional thinning"
6.58241057219692e-05,"Marginal thinning"
1,"Conditional thinning"
1.04917412264831e-06,"Marginal thinning"
0.284554793610335,"Conditional thinning"
0.000405043666155995,"Marginal thinning"
0.249802479911842,"Conditional thinning"
0.000163726262168981,"Marginal thinning"
0.806365689693626,"Conditional thinning"
0.00179604240514677,"Marginal thinning"
0.899370513482741,"Conditional thinning"
0.0445409761784565,"Marginal thinning"
0.93953395115189,"Conditional thinning"
0.0294934894481484,"Marginal thinning"
0.093869866426507,"Conditional thinning"
0.00535390706147622,"Marginal thinning"
0.550408685578291,"Conditional thinning"
0.232514669343024,"Marginal thinning"
0.866165106437646,"Conditional thinning"
0.00200276208710924,"Marginal thinning"
0.607509569940511,"Conditional thinning"
0.00783864904744793,"Marginal thinning"
0.717654859045154,"Conditional thinning"
0.000316030957252129,"Marginal thinning"
0.775877927636295,"Conditional thinning"
0.0166666088871967,"Marginal thinning"
0.344647321773092,"Conditional thinning"
0.000139250097155517,"Marginal thinning"
1,"Conditional thinning"
0.000606493963615712,"Marginal thinning"
0.354787904505543,"Conditional thinning"
3.38463514367275e-05,"Marginal thinning"
0.952893735755754,"Conditional thinning"
0.00124664947345652,"Marginal thinning"
0.570401236777102,"Conditional thinning"
0.0608619343615883,"Marginal thinning"
0.660805763033497,"Conditional thinning"
0.000605347813677269,"Marginal thinning"
0.410730301219008,"Conditional thinning"
0.00100723565796307,"Marginal thinning"
0.858730771006655,"Conditional thinning"
0.0694734423677374,"Marginal thinning"
0.599281097281119,"Conditional thinning"
0.00109206495540719,"Marginal thinning"
0.841492900400693,"Conditional thinning"
0.000542912096526788,"Marginal thinning"
0.478381788473874,"Conditional thinning"
0.000227044408045203,"Marginal thinning"
0.650677041200006,"Conditional thinning"
0.000698561206466013,"Marginal thinning"
0.0628263045784166,"Conditional thinning"
0.00870070403950127,"Marginal thinning"
0.762749593639725,"Conditional thinning"
0.0397371966315163,"Marginal thinning"
0.640980765912202,"Conditional thinning"
0.00122957760788688,"Marginal thinning"
0.499003471514767,"Conditional thinning"
0.00075707390793467,"Marginal thinning"
0.719175809392846,"Conditional thinning"
8.03796902120993e-05,"Marginal thinning"
0.613226524997598,"Conditional thinning"
0.00133763640701002,"Marginal thinning"
0.304222736228957,"Conditional thinning"
0.0324424802373995,"Marginal thinning"
0.230460640775602,"Conditional thinning"
0.308330160749894,"Marginal thinning"
0.566146641664397,"Conditional thinning"
0.00464742333274664,"Marginal thinning"
0.439185843231243,"Conditional thinning"
0.000107870269346509,"Marginal thinning"
0.825772207364743,"Conditional thinning"
0.00100523638941277,"Marginal thinning"
0.87981915339651,"Conditional thinning"
1.19984831263107e-05,"Marginal thinning"
0.306657801167141,"Conditional thinning"
0.00370539035709442,"Marginal thinning"
0.879747801608551,"Conditional thinning"
0.00313197561164539,"Marginal thinning"
0.0364792552090746,"Conditional thinning"
0.00512364838753134,"Marginal thinning"
0.117148348015135,"Conditional thinning"
0.0240450534299948,"Marginal thinning"
0.254399054003224,"Conditional thinning"
0.0135159283432412,"Marginal thinning"
0.280965368999175,"Conditional thinning"
0.00174039979942266,"Marginal thinning"
0.306840696903562,"Conditional thinning"
0.00273472770311203,"Marginal thinning"
0.548130460242258,"Conditional thinning"
0.00518789284417217,"Marginal thinning"
0.894594316958233,"Conditional thinning"
0.0526396506325759,"Marginal thinning"
0.768443080396501,"Conditional thinning"
0.0182429858502579,"Marginal thinning"
0.499172366478502,"Conditional thinning"
0.0059521258373016,"Marginal thinning"
0.451415512157531,"Conditional thinning"
0.00126402721958167,"Marginal thinning"
0.565082578149512,"Conditional thinning"
0.0282503904932326,"Marginal thinning"
0.45424705685303,"Conditional thinning"
0.00172518546992387,"Marginal thinning"
0.103496785303593,"Conditional thinning"
0.0148775247476128,"Marginal thinning"
0.785248156091375,"Conditional thinning"
0.00442755784157315,"Marginal thinning"
0.5650340183002,"Conditional thinning"
0.000154972300975967,"Marginal thinning"
0.921956082131477,"Conditional thinning"
0.000759088342918062,"Marginal thinning"
0.340442920538503,"Conditional thinning"
0.0282973701304881,"Marginal thinning"
0.459073901305367,"Conditional thinning"
0.0839940240244837,"Marginal thinning"
0.29409187144119,"Conditional thinning"
0.0242080102229171,"Marginal thinning"
0.0190422712226889,"Conditional thinning"
0.018319880486907,"Marginal thinning"
0.992187581582532,"Conditional thinning"
0.0124287022715238,"Marginal thinning"
0.632842703112092,"Conditional thinning"
0.00296391959336104,"Marginal thinning"
0.819243470249573,"Conditional thinning"
3.67536137393836e-05,"Marginal thinning"
0.110548255962385,"Conditional thinning"
0.00249652723990898,"Marginal thinning"
0.290503973950354,"Conditional thinning"
0.00694995468866746,"Marginal thinning"
0.557128317649406,"Conditional thinning"
0.00026944348737309,"Marginal thinning"
0.802382352186324,"Conditional thinning"
0.00264144447598459,"Marginal thinning"
0.913119207617976,"Conditional thinning"
0.251250374699129,"Marginal thinning"
0.390997237487531,"Conditional thinning"
0.000469481801001952,"Marginal thinning"
0.527602312010945,"Conditional thinning"
0.00056528338214199,"Marginal thinning"
0.338851223630595,"Conditional thinning"
0.0701720838627843,"Marginal thinning"
0.29482428342426,"Conditional thinning"
0.00638558173105345,"Marginal thinning"
0.900630807061686,"Conditional thinning"
0.000127210568695095,"Marginal thinning"
0.718640037654574,"Conditional thinning"
0.580875211961117,"Marginal thinning"
0.481089236972566,"Conditional thinning"
0.00341870271095419,"Marginal thinning"
0.77736942665773,"Conditional thinning"
0.000721904072114247,"Marginal thinning"
0.255223693173597,"Conditional thinning"
0.00796917597865532,"Marginal thinning"
0.350622016719927,"Conditional thinning"
0.000327211282911722,"Marginal thinning"
0.257761711116139,"Conditional thinning"
4.09977888042687e-05,"Marginal thinning"
0.92646089923943,"Conditional thinning"
0.000448024311926824,"Marginal thinning"
0.746141856763573,"Conditional thinning"
0.00139078859376324,"Marginal thinning"
0.930084082687806,"Conditional thinning"
0.00155858084811939,"Marginal thinning"
0.726860044873488,"Conditional thinning"
0.000175058627847838,"Marginal thinning"
0.184413939863534,"Conditional thinning"
0.00339979818949137,"Marginal thinning"
0.723105966658519,"Conditional thinning"
0.130340258501393,"Marginal thinning"
0.835793878945658,"Conditional thinning"
0.16879561378481,"Marginal thinning"
0.175372132261467,"Conditional thinning"
0.0566175026428854,"Marginal thinning"
0.632260379265394,"Conditional thinning"
0.025425970510527,"Marginal thinning"
0.131759176696858,"Conditional thinning"
0.0986813138955584,"Marginal thinning"
0.863974596096423,"Conditional thinning"
3.09070832189067e-05,"Marginal thinning"
0.268392242366374,"Conditional thinning"
0.0292273093455653,"Marginal thinning"
0.77723873926521,"Conditional thinning"
0.000118469396790387,"Marginal thinning"
0.572195203609226,"Conditional thinning"
0.0082272933247656,"Marginal thinning"
0.2602788932647,"Conditional thinning"
0.00217027223251579,"Marginal thinning"
0.669498790570632,"Conditional thinning"
0.00592370530758576,"Marginal thinning"
0.791566579493954,"Conditional thinning"
0.170759347473756,"Marginal thinning"
1,"Conditional thinning"
0.00807143810578771,"Marginal thinning"
0.0604398345838862,"Conditional thinning"
0.000494639789430502,"Marginal thinning"
0.755287962682426,"Conditional thinning"
1.91251894141572e-05,"Marginal thinning"
0.335433548676965,"Conditional thinning"
0.00388759459195639,"Marginal thinning"
0.434916087624757,"Conditional thinning"
0.0277671821120355,"Marginal thinning"
0.072550187123619,"Conditional thinning"
0.031395654428272,"Marginal thinning"
0.609415092861741,"Conditional thinning"
0.000112033474699317,"Marginal thinning"
0.265354810347127,"Conditional thinning"
0.176393653094939,"Marginal thinning"
0.221467797862011,"Conditional thinning"
0.0100537040778316,"Marginal thinning"
0.748246381379447,"Conditional thinning"
0.0379646216754497,"Marginal thinning"
0.392568606935141,"Conditional thinning"
0.0030076782823291,"Marginal thinning"
0.602572645875134,"Conditional thinning"
0.00010898446630249,"Marginal thinning"
0.43067579226484,"Conditional thinning"
0.000569139163345276,"Marginal thinning"
0.383534915737416,"Conditional thinning"
5.14498397200073e-05,"Marginal thinning"
0.0431494921405788,"Conditional thinning"
0.000209396651654236,"Marginal thinning"
0.0588919307557658,"Conditional thinning"
0.213108030859236,"Marginal thinning"
0.129941784103159,"Conditional thinning"
0.00215370933903276,"Marginal thinning"
0.853590488348515,"Conditional thinning"
0.000545612081605524,"Marginal thinning"
0.262114473172107,"Conditional thinning"
0.049433025190063,"Marginal thinning"
0.924111642327786,"Conditional thinning"
0.0120498419743084,"Marginal thinning"
0.745284049741742,"Conditional thinning"
0.00156193106748529,"Marginal thinning"
0.890415931061045,"Conditional thinning"
0.000357700409742157,"Marginal thinning"
0.837124126065434,"Conditional thinning"
0.00184845712749993,"Marginal thinning"
0.658956119764497,"Conditional thinning"
0.0590671611960997,"Marginal thinning"
0.814206120085629,"Conditional thinning"
0.00453469932940506,"Marginal thinning"
0.767947373423943,"Conditional thinning"
0.0033343053386082,"Marginal thinning"
0.853540489560705,"Conditional thinning"
0.000383642806490201,"Marginal thinning"
0.562013486388627,"Conditional thinning"
0.30080317045814,"Marginal thinning"
0.896477388773805,"Conditional thinning"
0.00377228996617073,"Marginal thinning"
0.930280395426545,"Conditional thinning"
0.0133746025244079,"Marginal thinning"
0.776045495394834,"Conditional thinning"
0.002996129265521,"Marginal thinning"
0.781035598240657,"Conditional thinning"
0.010248943949939,"Marginal thinning"
0.370570290723028,"Conditional thinning"
0.0261675747905626,"Marginal thinning"
0.932944015096352,"Conditional thinning"
0.00344005993250478,"Marginal thinning"
0.217610816513214,"Conditional thinning"
0.000638923326131272,"Marginal thinning"
0.468922817084234,"Conditional thinning"
0.0465440979948923,"Marginal thinning"
0.769068897817364,"Conditional thinning"
0.000985681215138314,"Marginal thinning"
0.22831343669051,"Conditional thinning"
0.000239830948064682,"Marginal thinning"
0.550415697330456,"Conditional thinning"
0.000656070023757171,"Marginal thinning"
1.56029761065496e-15,"Conditional thinning"
0.00131633320991372,"Marginal thinning"
0.0108251952715059,"Conditional thinning"
0.000835938415967822,"Marginal thinning"
0.68163254321889,"Conditional thinning"
0.00751020080054381,"Marginal thinning"
0.242243789017191,"Conditional thinning"
0.000214101853801051,"Marginal thinning"
0.232234515576597,"Conditional thinning"
7.99756585933464e-05,"Marginal thinning"
0.278676249176962,"Conditional thinning"
0.0163158945017057,"Marginal thinning"
0.887357052232109,"Conditional thinning"
0.000103554790491263,"Marginal thinning"
0.483425026499757,"Conditional thinning"
0.000283895512448246,"Marginal thinning"
0.813203985836335,"Conditional thinning"
0.00320730787864615,"Marginal thinning"
0.765699018854132,"Conditional thinning"
0.00156170781551064,"Marginal thinning"
0.511818910324188,"Conditional thinning"
0.000881031082851903,"Marginal thinning"
1,"Conditional thinning"
0.00203213995283792,"Marginal thinning"
0.904151395749891,"Conditional thinning"
0.056754221661611,"Marginal thinning"
0.976751272831262,"Conditional thinning"
7.76381458162977e-05,"Marginal thinning"
0.511755398100664,"Conditional thinning"
0.00190630968111155,"Marginal thinning"
0.159139491895041,"Conditional thinning"
0.00287856253825009,"Marginal thinning"
0.457148622689148,"Conditional thinning"
0.0185111704630683,"Marginal thinning"
0.620804450758042,"Conditional thinning"
0.00166420617662722,"Marginal thinning"
0.984175852284504,"Conditional thinning"
0.0436024582276633,"Marginal thinning"
0.39029872838386,"Conditional thinning"
0.0344690406817577,"Marginal thinning"
0.626969416832576,"Conditional thinning"
0.0260236122708918,"Marginal thinning"
0.185279759283035,"Conditional thinning"
0.000109538415088378,"Marginal thinning"
0.789369586890004,"Conditional thinning"
0.000115973947570763,"Marginal thinning"
0.956958187407201,"Conditional thinning"
0.000405833146732604,"Marginal thinning"
0.835397124280527,"Conditional thinning"
0.0029034957936858,"Marginal thinning"
0.976041377160544,"Conditional thinning"
0.0230372706295197,"Marginal thinning"
0.446751935254516,"Conditional thinning"
6.62086195699566e-05,"Marginal thinning"
0.16874322555433,"Conditional thinning"
0.044538891464712,"Marginal thinning"
0.469044005482775,"Conditional thinning"
0.00125236435495629,"Marginal thinning"
0.0493395659662471,"Conditional thinning"
3.46429544820475e-05,"Marginal thinning"
0.0306954900093431,"Conditional thinning"
0.00733748632319607,"Marginal thinning"
0.487449275429399,"Conditional thinning"
5.76463611945616e-06,"Marginal thinning"
0.984442030129369,"Conditional thinning"
0.0130866603894548,"Marginal thinning"
0.0361429273525805,"Conditional thinning"
0.00172638019541527,"Marginal thinning"
0.44687235437372,"Conditional thinning"
0.00525959381535205,"Marginal thinning"
0.50347257312009,"Conditional thinning"
0.231290524688098,"Marginal thinning"
0.43024617888037,"Conditional thinning"
0.00358826135829153,"Marginal thinning"
0.79647202839166,"Conditional thinning"
4.70004072864432e-06,"Marginal thinning"
0.816750145722489,"Conditional thinning"
0.00203780310156188,"Marginal thinning"
0.922502658587504,"Conditional thinning"
0.059466806311294,"Marginal thinning"
0.203432052863364,"Conditional thinning"
0.129838574923208,"Marginal thinning"
0.372367560073615,"Conditional thinning"
3.39067871087735e-05,"Marginal thinning"
0.165296790703587,"Conditional thinning"
0.00253321986979604,"Marginal thinning"
0.435634933591527,"Conditional thinning"
0.0172648084986143,"Marginal thinning"
0.859966465759649,"Conditional thinning"
0.0155745451100947,"Marginal thinning"
0.830700824552965,"Conditional thinning"
0.0065475836789839,"Marginal thinning"
0.496233305550396,"Conditional thinning"
0.0086080603421438,"Marginal thinning"
0.0615633114013193,"Conditional thinning"
4.21124597281388e-05,"Marginal thinning"
0.982670696784704,"Conditional thinning"
0.0790693024654493,"Marginal thinning"
0.548496348588879,"Conditional thinning"
0.00112365782910742,"Marginal thinning"
0.360607273254797,"Conditional thinning"
0.00058888102032424,"Marginal thinning"
0.434733585264757,"Conditional thinning"
0.000499972901537966,"Marginal thinning"
0.725874495439794,"Conditional thinning"
0.00145824083131829,"Marginal thinning"
0.362752079915938,"Conditional thinning"
0.515898213276777,"Marginal thinning"
0.671509337763806,"Conditional thinning"
0.0121970394344061,"Marginal thinning"
0.44619414317518,"Conditional thinning"
0.0041802105739519,"Marginal thinning"
0.444653832057528,"Conditional thinning"
0.000258488025309458,"Marginal thinning"
0.325681541646638,"Conditional thinning"
0.0589639522848027,"Marginal thinning"
0.689512082630869,"Conditional thinning"
5.87394664705219e-05,"Marginal thinning"
0.708180312204492,"Conditional thinning"
0.0235912525333034,"Marginal thinning"
0.379005129223345,"Conditional thinning"
0.0126304708123602,"Marginal thinning"
0.805614276343052,"Conditional thinning"
0.00131714673204405,"Marginal thinning"
0.295254505906793,"Conditional thinning"
0.0143650476744416,"Marginal thinning"
0.800330602205033,"Conditional thinning"
0.00208000444562585,"Marginal thinning"
0.898664368026286,"Conditional thinning"
0.0014373018526279,"Marginal thinning"
0.709597758452009,"Conditional thinning"
3.28512246419966e-05,"Marginal thinning"
0.414300515568551,"Conditional thinning"
0.0674567573654766,"Marginal thinning"
0.727137868918906,"Conditional thinning"
0.000996716779325095,"Marginal thinning"
0.967725723801959,"Conditional thinning"
0.0072326653242761,"Marginal thinning"
0.786035536091802,"Conditional thinning"
0.197733158575848,"Marginal thinning"
0.89458089349959,"Conditional thinning"
0.00381185498992118,"Marginal thinning"
0.351077279762266,"Conditional thinning"
0.000167183002374944,"Marginal thinning"
0.54206067113246,"Conditional thinning"
0.00180364035887056,"Marginal thinning"
0.684823314203724,"Conditional thinning"
0.000149183205714308,"Marginal thinning"
0.331156745301791,"Conditional thinning"
0.00399503010180875,"Marginal thinning"
0.718858869750094,"Conditional thinning"
0.00356331642886914,"Marginal thinning"
0.704528642338029,"Conditional thinning"
0.0205769421381907,"Marginal thinning"
0.220539320011602,"Conditional thinning"
3.13836363288998e-05,"Marginal thinning"
0.668232575512582,"Conditional thinning"
0.0082224027476729,"Marginal thinning"
0.608837005208937,"Conditional thinning"
0.114953836640622,"Marginal thinning"
0.672773523593052,"Conditional thinning"
0.0139047114635138,"Marginal thinning"
0.918184350980426,"Conditional thinning"
0.00517650208553829,"Marginal thinning"
0.955773075999328,"Conditional thinning"
2.22874868702022e-05,"Marginal thinning"
0.528674166520676,"Conditional thinning"
0.0168734224186984,"Marginal thinning"
0.969775693708096,"Conditional thinning"
0.00344093556870063,"Marginal thinning"
0.832694819497887,"Conditional thinning"
0.00553713460615655,"Marginal thinning"
0.912169841770268,"Conditional thinning"
0.013116681159521,"Marginal thinning"
4.3890470519686e-05,"Conditional thinning"
0.000836244371588608,"Marginal thinning"
0.181741693186823,"Conditional thinning"
0.00422192445635722,"Marginal thinning"
0.847611916997945,"Conditional thinning"
0.00844741772177333,"Marginal thinning"
0.922646545556285,"Conditional thinning"
0.0029341476514442,"Marginal thinning"
0.465974146492001,"Conditional thinning"
0.00023934860822056,"Marginal thinning"
0.499572313362246,"Conditional thinning"
0.00333826991428601,"Marginal thinning"
0.843539149009499,"Conditional thinning"
0.00459570561057339,"Marginal thinning"
0.266713123239242,"Conditional thinning"
0.00203279467261551,"Marginal thinning"
0.420045717013993,"Conditional thinning"
0.011392612863162,"Marginal thinning"
0.654736140805203,"Conditional thinning"
0.00820983265549395,"Marginal thinning"
0.510827733650977,"Conditional thinning"
0.0346720774076368,"Marginal thinning"
0.966825849597976,"Conditional thinning"
0.0101444464667696,"Marginal thinning"
0.247232009288984,"Conditional thinning"
0.00148421050735712,"Marginal thinning"
0.280230099732588,"Conditional thinning"
0.00267045371053183,"Marginal thinning"
0.815527734417211,"Conditional thinning"
0.000286124505930097,"Marginal thinning"
0.976449638563879,"Conditional thinning"
0.000300976644509638,"Marginal thinning"
0.264526273187118,"Conditional thinning"
0.0994203255622061,"Marginal thinning"
0.340688368915221,"Conditional thinning"
0.000339981735219363,"Marginal thinning"
0.676127373596758,"Conditional thinning"
0.0257129902688696,"Marginal thinning"
0.789721595535081,"Conditional thinning"
0.000278391248630608,"Marginal thinning"
0.0613200717152768,"Conditional thinning"
0.00152269370500997,"Marginal thinning"
0.755410355014517,"Conditional thinning"
0.00311048141123909,"Marginal thinning"
0.595015026872772,"Conditional thinning"
0.0766298434251149,"Marginal thinning"
0.320144796837937,"Conditional thinning"
0.034544520237053,"Marginal thinning"
0.682891473408845,"Conditional thinning"
2.38568000558979e-05,"Marginal thinning"
0.899182189542703,"Conditional thinning"
7.00183778036458e-05,"Marginal thinning"
0.55627787452597,"Conditional thinning"
0.186081698465567,"Marginal thinning"
0.687900220888218,"Conditional thinning"
0.000997265762062501,"Marginal thinning"
0.326325001106284,"Conditional thinning"
0.00467655921092264,"Marginal thinning"
0.50969284647642,"Conditional thinning"
2.69502250339736e-06,"Marginal thinning"
0.935395303381427,"Conditional thinning"
0.00895338123856667,"Marginal thinning"
0.442189121990915,"Conditional thinning"
1.91449292079957e-05,"Marginal thinning"
0.544489053067616,"Conditional thinning"
0.0182951328194552,"Marginal thinning"
0.331289548601618,"Conditional thinning"
0.00561926145285563,"Marginal thinning"
0.702068544718896,"Conditional thinning"
0.0247827593893305,"Marginal thinning"
0.968912975657098,"Conditional thinning"
0.123088059611245,"Marginal thinning"
0.895244549541396,"Conditional thinning"
0.0108714142123794,"Marginal thinning"
0.851556312027939,"Conditional thinning"
0.000129888385545868,"Marginal thinning"
0.147777514053749,"Conditional thinning"
0.0011192489113582,"Marginal thinning"
0.679853579798968,"Conditional thinning"
0.0842826896905418,"Marginal thinning"
0.0101220197605584,"Conditional thinning"
0.0128146139557699,"Marginal thinning"
0.229248180018232,"Conditional thinning"
0.00422055307126181,"Marginal thinning"
0.830467898260874,"Conditional thinning"
0.00320733238525751,"Marginal thinning"
0.636601349239034,"Conditional thinning"
0.00435401562999652,"Marginal thinning"
0.323961827431119,"Conditional thinning"
0.000972685714395084,"Marginal thinning"
0.491216480468768,"Conditional thinning"
0.00602487163117727,"Marginal thinning"
0.849782708401235,"Conditional thinning"
0.000102122275045792,"Marginal thinning"
0.585221218835713,"Conditional thinning"
7.93648451681068e-05,"Marginal thinning"
0.0622284165818613,"Conditional thinning"
0.000181034061377041,"Marginal thinning"
0.990885609913849,"Conditional thinning"
0.00198845365477956,"Marginal thinning"
0.681131763500088,"Conditional thinning"
0.000894438574219975,"Marginal thinning"
0.85333785507034,"Conditional thinning"
0.0117206537079885,"Marginal thinning"
0.537983614329972,"Conditional thinning"
0.000334977225004468,"Marginal thinning"
0.167242144688314,"Conditional thinning"
0.000119082680309569,"Marginal thinning"
0.856887862182655,"Conditional thinning"
0.00851748695688113,"Marginal thinning"
0.982316108647022,"Conditional thinning"
0.0135296903493318,"Marginal thinning"
0.975060623283119,"Conditional thinning"
0.00130245924062711,"Marginal thinning"
0.950951790870617,"Conditional thinning"
0.0226084795985512,"Marginal thinning"
0.258582023985345,"Conditional thinning"
0.00943231364502356,"Marginal thinning"
0.703863028099832,"Conditional thinning"
0.00256553779762381,"Marginal thinning"
0.192861739456209,"Conditional thinning"
0.000169756933057457,"Marginal thinning"
0.540791799235731,"Conditional thinning"
0.0200594008578896,"Marginal thinning"
0.118648121362564,"Conditional thinning"
0.00184514231730271,"Marginal thinning"
0.316655380361997,"Conditional thinning"
0.000811998930811094,"Marginal thinning"
0.975409737504091,"Conditional thinning"
0.0029056242724009,"Marginal thinning"
0.503889071447238,"Conditional thinning"
0.00216185513753342,"Marginal thinning"
0.972641771411541,"Conditional thinning"
0.0730642352534136,"Marginal thinning"
0.11966518981304,"Conditional thinning"
0.000772993425206954,"Marginal thinning"
0.910026800514141,"Conditional thinning"
0.0051712478447849,"Marginal thinning"
0.691463487379358,"Conditional thinning"
0.00033800335474779,"Marginal thinning"
0.872847843781044,"Conditional thinning"
0.00408241254784449,"Marginal thinning"
0.406890858419299,"Conditional thinning"
7.16804960781406e-05,"Marginal thinning"
0.734418744464491,"Conditional thinning"
0.148942041489491,"Marginal thinning"
0.608458962545182,"Conditional thinning"
0.00101162150264814,"Marginal thinning"
0.204292246213471,"Conditional thinning"
0.00582300795899514,"Marginal thinning"
0.318565899497851,"Conditional thinning"
0.000265433683853023,"Marginal thinning"
0.778772007280198,"Conditional thinning"
0.0196806295504383,"Marginal thinning"
0.873996947560859,"Conditional thinning"
0.000126906769700646,"Marginal thinning"
0.847493911864783,"Conditional thinning"
0.00699968217311504,"Marginal thinning"
0.313717231507828,"Conditional thinning"
0.000378893894844724,"Marginal thinning"
0.702746930231662,"Conditional thinning"
0.0352907854768172,"Marginal thinning"
0.132622590112106,"Conditional thinning"
0.00286715593261749,"Marginal thinning"
0.810568462076044,"Conditional thinning"
0.000126385606513675,"Marginal thinning"
0.88413338205089,"Conditional thinning"
0.00148226108254323,"Marginal thinning"
0.19615717765572,"Conditional thinning"
0.000534325174759881,"Marginal thinning"
0.823869973453775,"Conditional thinning"
0.00709119346349017,"Marginal thinning"
0.697095967020162,"Conditional thinning"
0.000544515597072609,"Marginal thinning"
0.734010833031949,"Conditional thinning"
0.000362709350332099,"Marginal thinning"
0.808098417780122,"Conditional thinning"
0.0286151358151197,"Marginal thinning"
0.0135542165106802,"Conditional thinning"
0.009692846200307,"Marginal thinning"
0.29583034215353,"Conditional thinning"
0.00545283239873079,"Marginal thinning"
0.048745135634292,"Conditional thinning"
0.0018291068273199,"Marginal thinning"
0.453635980655852,"Conditional thinning"
0.0043069858387937,"Marginal thinning"
0.215732941129121,"Conditional thinning"
0.000647062927306259,"Marginal thinning"
0.881489347623648,"Conditional thinning"
0.0146153965751727,"Marginal thinning"
0.355470050869463,"Conditional thinning"
0.212474639795855,"Marginal thinning"
0.602105912710888,"Conditional thinning"
0.0153129469575058,"Marginal thinning"
0.62706278020544,"Conditional thinning"
0.0155368416363205,"Marginal thinning"
0.862803464615112,"Conditional thinning"
0.00603234537199935,"Marginal thinning"
0.641390580399942,"Conditional thinning"
0.000102266598140578,"Marginal thinning"
0.99214962177272,"Conditional thinning"
0.0424388885598129,"Marginal thinning"
0.143720431905397,"Conditional thinning"
0.000117043466407303,"Marginal thinning"
0.302583076334083,"Conditional thinning"
0.00580941530820056,"Marginal thinning"
0.368095458111132,"Conditional thinning"
0.000275994428164414,"Marginal thinning"
0.749768392625968,"Conditional thinning"
0.000240216508772375,"Marginal thinning"
0.585176044949509,"Conditional thinning"
0.000506811446480731,"Marginal thinning"
0.289445356111538,"Conditional thinning"
0.00913708436348311,"Marginal thinning"
0.0245616890052185,"Conditional thinning"
0.006730734713017,"Marginal thinning"
0.703917435579643,"Conditional thinning"
0.0338591979165406,"Marginal thinning"
0.672507306541869,"Conditional thinning"
0.00477427502649549,"Marginal thinning"
0.852062111711137,"Conditional thinning"
0.0128631801550559,"Marginal thinning"
0.872515623568076,"Conditional thinning"
0.000382437895304889,"Marginal thinning"
0.937215505835557,"Conditional thinning"
0.00228900866191973,"Marginal thinning"
0.776361006354551,"Conditional thinning"
0.00204014632671068,"Marginal thinning"
0.573535741038704,"Conditional thinning"
0.0151269994678348,"Marginal thinning"
0.0360026211725738,"Conditional thinning"
0.00255008492996883,"Marginal thinning"
0.303838265360564,"Conditional thinning"
2.1886986531602e-05,"Marginal thinning"
0.459660431974361,"Conditional thinning"
0.0446177722164457,"Marginal thinning"
0.44504710480662,"Conditional thinning"
0.000539417821407034,"Marginal thinning"
0.282516213756821,"Conditional thinning"
1.42736353143653e-05,"Marginal thinning"
0.806738290221814,"Conditional thinning"
7.38542701337595e-05,"Marginal thinning"
0.612336241984681,"Conditional thinning"
0.000991514010142219,"Marginal thinning"
0.517207241944814,"Conditional thinning"
0.00064086190443435,"Marginal thinning"
0.561479904774565,"Conditional thinning"
0.00294255926143079,"Marginal thinning"
0.242925419760315,"Conditional thinning"
0.208764895059508,"Marginal thinning"
0.964472937733149,"Conditional thinning"
0.00284217715776266,"Marginal thinning"
1,"Conditional thinning"
0.000123031492350829,"Marginal thinning"
0.115905953604401,"Conditional thinning"
0.00126734125584161,"Marginal thinning"
0.992275183049328,"Conditional thinning"
0.0126232581612763,"Marginal thinning"
0.701085073713702,"Conditional thinning"
0.00509040717774067,"Marginal thinning"
0.644364308347085,"Conditional thinning"
0.0249149200314819,"Marginal thinning"
7.00003175159384e-13,"Conditional thinning"
0.0150310476432541,"Marginal thinning"
0.811884447565378,"Conditional thinning"
0.00704195905667338,"Marginal thinning"
0.984375158921024,"Conditional thinning"
0.00290804384072965,"Marginal thinning"
0.276399670340668,"Conditional thinning"
0.00737735236310496,"Marginal thinning"
0.880015380133001,"Conditional thinning"
0.137866481717401,"Marginal thinning"
0.408643099813673,"Conditional thinning"
0.00678490106964978,"Marginal thinning"
0.83127966045928,"Conditional thinning"
1.7622042341748e-05,"Marginal thinning"
0.547761132287381,"Conditional thinning"
0.0192745093730071,"Marginal thinning"
0.655298663138474,"Conditional thinning"
0.0266415490346461,"Marginal thinning"
0.451242853597328,"Conditional thinning"
0.00971966057054992,"Marginal thinning"
0.455074584999485,"Conditional thinning"
0.00878088642511033,"Marginal thinning"
0.533289659333008,"Conditional thinning"
0.064171926173263,"Marginal thinning"
0.335369726475044,"Conditional thinning"
0.0422686209469045,"Marginal thinning"
0.654935355044014,"Conditional thinning"
0.0136022573754389,"Marginal thinning"
0.416025467428916,"Conditional thinning"
0.00758777894677375,"Marginal thinning"
0.745361015492506,"Conditional thinning"
0.010167159541055,"Marginal thinning"
0.302213272164254,"Conditional thinning"
0.000896057226334878,"Marginal thinning"
0.59149469369699,"Conditional thinning"
0.00546415932124091,"Marginal thinning"
0.794437629301519,"Conditional thinning"
0.0121437135690538,"Marginal thinning"
0.489996261055831,"Conditional thinning"
0.0110604273045864,"Marginal thinning"
0.864846037641807,"Conditional thinning"
0.000463907956515704,"Marginal thinning"
0.0137674283787673,"Conditional thinning"
0.000417881663219149,"Marginal thinning"
0.307061170926167,"Conditional thinning"
0.00108700732331166,"Marginal thinning"
0.661642177982444,"Conditional thinning"
0.000128549654635438,"Marginal thinning"
0.336183955912612,"Conditional thinning"
0.00445859060380567,"Marginal thinning"
0.584949954867066,"Conditional thinning"
0.00498530747776162,"Marginal thinning"
0.591799851937503,"Conditional thinning"
0.0003898197858862,"Marginal thinning"
0.851506758246155,"Conditional thinning"
2.86531864812019e-05,"Marginal thinning"
0.0368695325326977,"Conditional thinning"
0.012614201008101,"Marginal thinning"
0.69248667754532,"Conditional thinning"
0.00471206929775514,"Marginal thinning"
0.349112655803251,"Conditional thinning"
2.83273800617874e-05,"Marginal thinning"
0.00691426273731931,"Conditional thinning"
0.075873435586535,"Marginal thinning"
0.238859418498073,"Conditional thinning"
0.000180097866248009,"Marginal thinning"
0.175229632103035,"Conditional thinning"
0.0232414102520944,"Marginal thinning"
0.0165066689432678,"Conditional thinning"
0.0264078263819093,"Marginal thinning"
0.573739018211062,"Conditional thinning"
0.0422661997880814,"Marginal thinning"
0.887375898069643,"Conditional thinning"
0.00446418214280375,"Marginal thinning"
0.771098421543968,"Conditional thinning"
0.150960818600602,"Marginal thinning"
0.111619691121867,"Conditional thinning"
0.00217780470369567,"Marginal thinning"
0.322884423749647,"Conditional thinning"
0.0112146518303622,"Marginal thinning"
0.251621060498021,"Conditional thinning"
2.66198410822111e-05,"Marginal thinning"
0.175974243369538,"Conditional thinning"
0.0138632790199678,"Marginal thinning"
0.675124854997101,"Conditional thinning"
0.0692276617127072,"Marginal thinning"
0.869547902046879,"Conditional thinning"
0.00574486435969798,"Marginal thinning"
0.129107226384685,"Conditional thinning"
0.0427150338879464,"Marginal thinning"
0.455336315088702,"Conditional thinning"
0.0654365441516243,"Marginal thinning"
0.697837971416148,"Conditional thinning"
0.426791136182985,"Marginal thinning"
5.75933238938958e-15,"Conditional thinning"
0.308097102973593,"Marginal thinning"
0.618018887098667,"Conditional thinning"
0.00226378310526418,"Marginal thinning"
0.814100505919992,"Conditional thinning"
0.0135539302532082,"Marginal thinning"
0.906508318493114,"Conditional thinning"
0.00305863769633746,"Marginal thinning"
0.443432586877487,"Conditional thinning"
0.0105812599446785,"Marginal thinning"
0.718917264430073,"Conditional thinning"
0.00376110719069519,"Marginal thinning"
0.848774243000699,"Conditional thinning"
0.00784664281293283,"Marginal thinning"
0.963760465456593,"Conditional thinning"
0.00254362977468544,"Marginal thinning"
0.882531968661423,"Conditional thinning"
0.0207773441299028,"Marginal thinning"
1,"Conditional thinning"
0.00143400391860085,"Marginal thinning"
0.612979336973888,"Conditional thinning"
0.000134217003717974,"Marginal thinning"
0.647590485866674,"Conditional thinning"
9.15315348092234e-05,"Marginal thinning"
0.818578376468506,"Conditional thinning"
0.000586398133144895,"Marginal thinning"
0.590892932946808,"Conditional thinning"
4.18745831197003e-05,"Marginal thinning"
0.164884081564488,"Conditional thinning"
0.0323016335508703,"Marginal thinning"
0.554676613643412,"Conditional thinning"
1.72288774021899e-05,"Marginal thinning"
0.575003299633993,"Conditional thinning"
0.00120918752995972,"Marginal thinning"
0.625521465945278,"Conditional thinning"
0.00288344976820138,"Marginal thinning"
0.806648050709487,"Conditional thinning"
0.00150257199062934,"Marginal thinning"
0.732897046850208,"Conditional thinning"
0.0059293847369141,"Marginal thinning"
0.846914060824091,"Conditional thinning"
0.111190625980602,"Marginal thinning"
0.295048459808033,"Conditional thinning"
0.00169515431090015,"Marginal thinning"
0.0159682023764122,"Conditional thinning"
3.83267002340617e-05,"Marginal thinning"
0.845838040568995,"Conditional thinning"
0.000154389387559857,"Marginal thinning"
0.079658417608229,"Conditional thinning"
0.00410005675435666,"Marginal thinning"
0.177410098431346,"Conditional thinning"
0.00424717331445986,"Marginal thinning"
0.960008057389946,"Conditional thinning"
0.00102077579199093,"Marginal thinning"
0.792667957185692,"Conditional thinning"
0.0442339738703304,"Marginal thinning"
0.753419021200604,"Conditional thinning"
0.00971026513752376,"Marginal thinning"
0.958090939456032,"Conditional thinning"
0.0017348720794411,"Marginal thinning"
0.905863430103967,"Conditional thinning"
0.00850922116874561,"Marginal thinning"
0.700995967255626,"Conditional thinning"
0.000296751056341795,"Marginal thinning"
0.459631076570059,"Conditional thinning"
4.47458956687352e-05,"Marginal thinning"
0.507055922354476,"Conditional thinning"
0.00918676178362472,"Marginal thinning"
0.179674994487885,"Conditional thinning"
0.000388229856921194,"Marginal thinning"
0.697044592249287,"Conditional thinning"
1.85023895927045e-05,"Marginal thinning"
0.736038714428632,"Conditional thinning"
0.683961725403097,"Marginal thinning"
0.708786607493215,"Conditional thinning"
0.000177734991942588,"Marginal thinning"
0.412869763191101,"Conditional thinning"
0.00505168962462768,"Marginal thinning"
0.559651350429379,"Conditional thinning"
0.000352941856466778,"Marginal thinning"
0.166760200161234,"Conditional thinning"
6.52722298047013e-05,"Marginal thinning"
0.246847366645966,"Conditional thinning"
0.000125374730440281,"Marginal thinning"
0.106659777969706,"Conditional thinning"
0.00356661544164219,"Marginal thinning"
0.080866926245887,"Conditional thinning"
0.259868666536317,"Marginal thinning"
0.863340946418761,"Conditional thinning"
0.00986383618400736,"Marginal thinning"
0.31008732385681,"Conditional thinning"
0.0793041616970579,"Marginal thinning"
0.669334292408491,"Conditional thinning"
0.0114767714835374,"Marginal thinning"
0.158117850457666,"Conditional thinning"
0.000694767998180713,"Marginal thinning"
0.514865395006282,"Conditional thinning"
0.00334489907556613,"Marginal thinning"
0.399130062043893,"Conditional thinning"
0.0038321221726207,"Marginal thinning"
5.3750363936724e-12,"Conditional thinning"
0.000141691955546668,"Marginal thinning"
0.156633309704243,"Conditional thinning"
0.000160617548654391,"Marginal thinning"
0.432729108737895,"Conditional thinning"
6.48460097700923e-06,"Marginal thinning"
0.097517201993087,"Conditional thinning"
0.00302414367882115,"Marginal thinning"
0.424633075469988,"Conditional thinning"
0.15255907782292,"Marginal thinning"
0.625585679792006,"Conditional thinning"
0.620659485407096,"Marginal thinning"
0.372706721270321,"Conditional thinning"
0.0404372183389815,"Marginal thinning"
0.241655577010822,"Conditional thinning"
0.000479712581035179,"Marginal thinning"
0.68097936196904,"Conditional thinning"
0.0191670236280422,"Marginal thinning"
0.151417318166075,"Conditional thinning"
1.95234928635539e-05,"Marginal thinning"
0.936035704357894,"Conditional thinning"
0.000333891029496914,"Marginal thinning"
1,"Conditional thinning"
0.0307571969303877,"Marginal thinning"
0.64493808502613,"Conditional thinning"
0.000361633378528435,"Marginal thinning"
0.539218050508378,"Conditional thinning"
0.124189714571791,"Marginal thinning"
0.617166484649107,"Conditional thinning"
0.00784620922656235,"Marginal thinning"
0.638495828451118,"Conditional thinning"
8.81944340527728e-05,"Marginal thinning"
0.288836773136331,"Conditional thinning"
0.00845306902639949,"Marginal thinning"
0.270915661205961,"Conditional thinning"
9.54591162576613e-05,"Marginal thinning"
0.170267971814092,"Conditional thinning"
0.0136440694840578,"Marginal thinning"
0.613123979204407,"Conditional thinning"
0.00022801445239281,"Marginal thinning"
1,"Conditional thinning"
0.00714972651783235,"Marginal thinning"
0.270887384568072,"Conditional thinning"
0.0724886544051734,"Marginal thinning"
0.742249670290967,"Conditional thinning"
0.000682433746678092,"Marginal thinning"
0.334846667979421,"Conditional thinning"
0.0013117614007574,"Marginal thinning"
0.625947256890566,"Conditional thinning"
0.046500957999168,"Marginal thinning"
0.683645545455409,"Conditional thinning"
0.0165441088944858,"Marginal thinning"
0.365708094370007,"Conditional thinning"
0.000218953781095713,"Marginal thinning"
0.051205131387666,"Conditional thinning"
0.000803419235860154,"Marginal thinning"
0.556964079216349,"Conditional thinning"
0.00496534630143351,"Marginal thinning"
0.465760612991746,"Conditional thinning"
0.00828179583788744,"Marginal thinning"
0.810246504258777,"Conditional thinning"
0.000731722638925264,"Marginal thinning"
0.44051760340285,"Conditional thinning"
0.00188588921371171,"Marginal thinning"
0.0873005460828496,"Conditional thinning"
0.0225622031600163,"Marginal thinning"
0.400579120617078,"Conditional thinning"
0.117222023373058,"Marginal thinning"
0.815060135134221,"Conditional thinning"
0.00107668238073334,"Marginal thinning"
0.0312273036623898,"Conditional thinning"
3.62815975517087e-05,"Marginal thinning"
0.36502188163852,"Conditional thinning"
0.00240629630515469,"Marginal thinning"
0.69317730646869,"Conditional thinning"
0.00208458348257578,"Marginal thinning"
0.232222347671059,"Conditional thinning"
0.0912258791116109,"Marginal thinning"
0.514418259777113,"Conditional thinning"
0.0200467215774472,"Marginal thinning"
0.897408241265896,"Conditional thinning"
0.124745296840689,"Marginal thinning"
0.391316476001721,"Conditional thinning"
0.0141366815507941,"Marginal thinning"
2.49504759091207e-13,"Conditional thinning"
0.00281090269885609,"Marginal thinning"
0.386580586988325,"Conditional thinning"
0.0133545807766795,"Marginal thinning"
0.884091805857952,"Conditional thinning"
0.00324650936788004,"Marginal thinning"
0.543702406720768,"Conditional thinning"
0.0369001960848892,"Marginal thinning"
0.0293213581174029,"Conditional thinning"
0.000147659546422936,"Marginal thinning"
0.79689116290407,"Conditional thinning"
0.000119321125563558,"Marginal thinning"
0.957707908846258,"Conditional thinning"
0.0122277400406519,"Marginal thinning"
0.721071785185272,"Conditional thinning"
0.000505625984444169,"Marginal thinning"
0.123686604461881,"Conditional thinning"
5.33899666808574e-05,"Marginal thinning"
0.185561490897155,"Conditional thinning"
0.00577727384528034,"Marginal thinning"
0.615598066821981,"Conditional thinning"
0.027891395631154,"Marginal thinning"
0.812491341427092,"Conditional thinning"
0.00252186120391864,"Marginal thinning"
0.470945692634173,"Conditional thinning"
0.0118503666019551,"Marginal thinning"
0.0202527598417332,"Conditional thinning"
0.0271730036276055,"Marginal thinning"
0.0554327141029955,"Conditional thinning"
0.111996906661427,"Marginal thinning"
0.511852626451569,"Conditional thinning"
0.000334166958002928,"Marginal thinning"
0.0485322539498877,"Conditional thinning"
0.000323411228897025,"Marginal thinning"
0.573541818605121,"Conditional thinning"
0.000254491594338797,"Marginal thinning"
0.514286338497299,"Conditional thinning"
0.00227009149091263,"Marginal thinning"
0.339135381531791,"Conditional thinning"
0.154874268659375,"Marginal thinning"
0.876423987045754,"Conditional thinning"
0.00148819577617195,"Marginal thinning"
0.465089969188271,"Conditional thinning"
6.84522988151197e-05,"Marginal thinning"
0.452696169878771,"Conditional thinning"
0.0127824698424275,"Marginal thinning"
0.486599555042949,"Conditional thinning"
0.0319271513263026,"Marginal thinning"
0.294686395941153,"Conditional thinning"
0.00537836225953194,"Marginal thinning"
0.849155116503401,"Conditional thinning"
5.0563465885672e-05,"Marginal thinning"
0.991715262312107,"Conditional thinning"
0.00623451469788041,"Marginal thinning"
0.960898577868566,"Conditional thinning"
0.00498487453697672,"Marginal thinning"
0.843108361056535,"Conditional thinning"
0.00163377626302119,"Marginal thinning"
0.909024618876488,"Conditional thinning"
0.000643049249245722,"Marginal thinning"
0.548590428090661,"Conditional thinning"
0.0064426435389569,"Marginal thinning"
0.731109387632572,"Conditional thinning"
0.00116317300711771,"Marginal thinning"
0.233689070602626,"Conditional thinning"
8.1474049087569e-06,"Marginal thinning"
0.283104408268729,"Conditional thinning"
0.000730348081325938,"Marginal thinning"
0.114468032256379,"Conditional thinning"
0.0311821406204904,"Marginal thinning"
0.671442276463994,"Conditional thinning"
0.0249392374731205,"Marginal thinning"
0.356096218959261,"Conditional thinning"
0.0033508733733853,"Marginal thinning"
0.246985001111616,"Conditional thinning"
9.72740850767531e-05,"Marginal thinning"
0.334752807048115,"Conditional thinning"
0.000167540127918187,"Marginal thinning"
0.70263133655325,"Conditional thinning"
0.00172932985813656,"Marginal thinning"
0.359206242405522,"Conditional thinning"
0.00981296272978138,"Marginal thinning"
0.471845749031034,"Conditional thinning"
0.134361017232415,"Marginal thinning"
0.534258685587363,"Conditional thinning"
1.50170364226173e-05,"Marginal thinning"
0.824694416620329,"Conditional thinning"
0.000108867276808045,"Marginal thinning"
0.483475199151887,"Conditional thinning"
0.000286362556362815,"Marginal thinning"
0.812058476783425,"Conditional thinning"
0.0170446309420332,"Marginal thinning"
0.513922947458386,"Conditional thinning"
0.064991484942506,"Marginal thinning"
0.86063803056102,"Conditional thinning"
0.00136818186552393,"Marginal thinning"
0.321345539822068,"Conditional thinning"
0.00143379316590137,"Marginal thinning"
0.339617751967241,"Conditional thinning"
0.0644145974589966,"Marginal thinning"
0.584453574873019,"Conditional thinning"
0.0017204513070351,"Marginal thinning"
0.472438408348999,"Conditional thinning"
0.0119761648528446,"Marginal thinning"
0.762760265100138,"Conditional thinning"
0.00120283175997501,"Marginal thinning"
0.0837220368642042,"Conditional thinning"
0.00311575140579339,"Marginal thinning"
0.598321345573756,"Conditional thinning"
0.0218728263991962,"Marginal thinning"
0.797601376165359,"Conditional thinning"
0.0808776397433334,"Marginal thinning"
0.700494886044998,"Conditional thinning"
0.000575642097959917,"Marginal thinning"
0.319613993814808,"Conditional thinning"
0.0122652891167189,"Marginal thinning"
0.310329243077121,"Conditional thinning"
0.00170876797083297,"Marginal thinning"
0.404996748723244,"Conditional thinning"
0.00140933263741083,"Marginal thinning"
0.197164032509057,"Conditional thinning"
0.00109649592585996,"Marginal thinning"
0.937569519239629,"Conditional thinning"
0.0013607763217801,"Marginal thinning"
0.0321474969640412,"Conditional thinning"
0.000647559677681722,"Marginal thinning"
0.392186748463626,"Conditional thinning"
0.00159000276997197,"Marginal thinning"
0.944654974318849,"Conditional thinning"
0.0183643822006582,"Marginal thinning"
0.199667760673269,"Conditional thinning"
0.000475738879157942,"Marginal thinning"
0.430129912875498,"Conditional thinning"
0.00190779753712758,"Marginal thinning"
0.724057534445518,"Conditional thinning"
0.0193383478643517,"Marginal thinning"
0.651181679717315,"Conditional thinning"
0.00294168710264992,"Marginal thinning"
0.823795715832813,"Conditional thinning"
0.000827477608245308,"Marginal thinning"
0.720994524054533,"Conditional thinning"
0.629622481729141,"Marginal thinning"
0.974937101145791,"Conditional thinning"
0.000154829467828366,"Marginal thinning"
0.960037755255826,"Conditional thinning"
0.00338268534940377,"Marginal thinning"
0.78123699617162,"Conditional thinning"
0.00302062022658771,"Marginal thinning"
0.0174279605883834,"Conditional thinning"
0.00141765254556174,"Marginal thinning"
0.57935404856864,"Conditional thinning"
0.0316772377968322,"Marginal thinning"
0.0288530077331607,"Conditional thinning"
1.33149014948797e-05,"Marginal thinning"
0.55605000786853,"Conditional thinning"
0.000651118370523375,"Marginal thinning"
0.14586173896691,"Conditional thinning"
0.0557686955556617,"Marginal thinning"
0.77958265020327,"Conditional thinning"
0.00596777673174862,"Marginal thinning"
0.534131802994765,"Conditional thinning"
0.10703284168873,"Marginal thinning"
0.429556882178815,"Conditional thinning"
0.0328818501327398,"Marginal thinning"
0.140974257930057,"Conditional thinning"
0.000150443049619056,"Marginal thinning"
0.0764114241346534,"Conditional thinning"
0.00316997425023225,"Marginal thinning"
4.10337587174363e-11,"Conditional thinning"
0.0226685638906546,"Marginal thinning"
0.854446312550385,"Conditional thinning"
0.00400010015663998,"Marginal thinning"
0.625622268098249,"Conditional thinning"
0.114704433014938,"Marginal thinning"
0.42346607114923,"Conditional thinning"
0.000162541883400519,"Marginal thinning"
0.703339108885384,"Conditional thinning"
0.00257746451604515,"Marginal thinning"
0.394523230970241,"Conditional thinning"
2.62722910528515e-05,"Marginal thinning"
0.162503103112351,"Conditional thinning"
0.00044115082864172,"Marginal thinning"
0.221183278270875,"Conditional thinning"
0.0214200346442058,"Marginal thinning"
0.919446139597746,"Conditional thinning"
0.00195922927773584,"Marginal thinning"
0.476735550959843,"Conditional thinning"
0.0345988869504959,"Marginal thinning"
0.0731605431894633,"Conditional thinning"
0.0172982558217663,"Marginal thinning"
0.383137315146344,"Conditional thinning"
0.0269134776082265,"Marginal thinning"
0.231425454997922,"Conditional thinning"
0.00298344105995957,"Marginal thinning"
0.800354553124462,"Conditional thinning"
0.0173327820524114,"Marginal thinning"
0.179332893241138,"Conditional thinning"
0.000482306670600341,"Marginal thinning"
0.895048064161195,"Conditional thinning"
0.00110326273230632,"Marginal thinning"
0.968891272873485,"Conditional thinning"
0.00114173369485804,"Marginal thinning"
0.491591958020448,"Conditional thinning"
9.35795519558562e-05,"Marginal thinning"
0.52177235908595,"Conditional thinning"
0.00437055762510964,"Marginal thinning"
0.707902083377105,"Conditional thinning"
0.00116230564692004,"Marginal thinning"
0.833466499133722,"Conditional thinning"
0.00915142072387858,"Marginal thinning"
0.471992633370899,"Conditional thinning"
0.00593485241337092,"Marginal thinning"
0.504257116334086,"Conditional thinning"
0.00418319793151473,"Marginal thinning"
0.619858363911947,"Conditional thinning"
